<?xml version="1.0" encoding="utf-8"?>
<!--/833256/259400/2.49/2/4/Undefined or Miscellaneous/-->
<quadcept_library>
  <setting unit="mil" />
  <textstyle name="Default" height="47.244094488189" strokewidth="7.8740157480315" charwidth="47.244094488189" />
  <textstyle name="Dimension" height="19.6850393700787" strokewidth="0" charwidth="19.6850393700787" />
  <textstyle name="H127W0635TH00762" height="50" strokewidth="3" charwidth="25" />
  <textstyle name="H15W15TH02" height="59.0551181102362" strokewidth="7.8740157480315" charwidth="59.0551181102362" />
  <padstyle name="c240_h160" surface="False" plated="True" isvia="False" nopaste="True" nomask="True" complex="False" holesize="62.992125984251">
    <padshape layer="TOP" shape="round" width="94.488188976377" height="94.488188976377" />
    <padshape layer="TOP_SOLDER_MASK" shape="round" width="102.36220472441" height="102.36220472441" />
    <padshape layer="INNER" shape="round" width="94.488188976377" height="94.488188976377" />
    <padshape layer="BOTTOM" shape="round" width="94.488188976377" height="94.488188976377" />
    <padshape layer="BOTTOM_SOLDER_MASK" shape="round" width="102.36220472441" height="102.36220472441" />
  </padstyle>
  <padstyle name="c140_h280" surface="False" plated="True" isvia="False" nopaste="True" nomask="True" complex="False" holesize="110.23622047244">
    <padshape layer="TOP" shape="round" width="55.11811023622" height="55.11811023622" />
    <padshape layer="TOP_SOLDER_MASK" shape="round" width="62.992125984251" height="62.992125984251" />
    <padshape layer="INNER" shape="round" width="55.11811023622" height="55.11811023622" />
    <padshape layer="BOTTOM" shape="round" width="55.11811023622" height="55.11811023622" />
    <padshape layer="BOTTOM_SOLDER_MASK" shape="round" width="62.992125984251" height="62.992125984251" />
  </padstyle>
  <footprint name="17867640001" originx="0" originy="0" pickpointx="0" pickpointy="0">
    <pcbpin number="1" name="1" style="c240_h160" originx="-157.48031496063" originy="31.496062992126" rotation="90" />
    <pcbpin number="2" name="2" style="c240_h160" originx="157.48031496063" originy="31.496062992126" rotation="90" />
    <pcbpin number="3" name="3" style="c140_h280" originx="0" originy="0" rotation="90" />
    <line layer="TOP_ASSEMBLY" originx="-279.52755905511" originy="146.65354330708" endx="279.52755905511" endy="146.65354330708" width="7.8740157480314" />
    <line layer="TOP_ASSEMBLY" originx="279.52755905511" originy="146.65354330708" endx="279.52755905511" endy="-146.65354330708" width="7.8740157480314" />
    <line layer="TOP_ASSEMBLY" originx="279.52755905511" originy="-146.65354330708" endx="-279.52755905511" endy="-146.65354330708" width="7.8740157480314" />
    <line layer="TOP_ASSEMBLY" originx="-279.52755905511" originy="-146.65354330708" endx="-279.52755905511" endy="146.65354330708" width="7.8740157480314" />
    <line layer="TOP_SILKSCREEN" originx="-279.52755905511" originy="146.65354330708" endx="279.52755905511" endy="146.65354330708" width="3.9370078740157" />
    <line layer="TOP_SILKSCREEN" originx="279.52755905511" originy="146.65354330708" endx="279.52755905511" endy="-146.65354330708" width="3.9370078740157" />
    <line layer="TOP_SILKSCREEN" originx="279.52755905511" originy="-146.65354330708" endx="-279.52755905511" endy="-146.65354330708" width="3.9370078740157" />
    <line layer="TOP_SILKSCREEN" originx="-279.52755905511" originy="-146.65354330708" endx="-279.52755905511" endy="146.65354330708" width="3.9370078740157" />
    <line layer="TOP_PLACE_BOUND" originx="-318.89763779527" originy="186.02362204724" endx="318.89763779527" endy="186.02362204724" width="3.9370078740157" />
    <line layer="TOP_PLACE_BOUND" originx="318.89763779527" originy="186.02362204724" endx="318.89763779527" endy="-186.02362204724" width="3.9370078740157" />
    <line layer="TOP_PLACE_BOUND" originx="318.89763779527" originy="-186.02362204724" endx="-318.89763779527" endy="-186.02362204724" width="3.9370078740157" />
    <line layer="TOP_PLACE_BOUND" originx="-318.89763779527" originy="-186.02362204724" endx="-318.89763779527" endy="186.02362204724" width="3.9370078740157" />
  </footprint>
  <symbol name="178.6764.0001" originx="0" originy="0">
    <line originx="200" originy="100" endx="600" endy="100" width="0" />
    <line originx="600" originy="-200" endx="600" endy="100" width="0" />
    <line originx="600" originy="-200" endx="200" endy="-200" width="0" />
    <line originx="200" originy="100" endx="200" endy="-200" width="0" />
    <sympin number="1" originx="200" originy="0" rotation="180" length="100" width="7.8740157480315" flipped="False">
      <text name="pinname" originx="230" originy="0" style="Default" rotation="0" justify="left" flipped="False" hidden="False" data="1" />
      <text name="pindes" originx="140" originy="20" style="Default" rotation="0" justify="lowerright" flipped="False" hidden="False" data="1" />
    </sympin>
    <sympin number="2" originx="200" originy="-100" rotation="180" length="100" width="7.8740157480315" flipped="False">
      <text name="pinname" originx="230" originy="-100" style="Default" rotation="0" justify="left" flipped="False" hidden="False" data="2" />
      <text name="pindes" originx="140" originy="-80" style="Default" rotation="0" justify="lowerright" flipped="False" hidden="False" data="2" />
    </sympin>
  </symbol>
  <component name="178.6764.0001" designatorprefix="U" height="590.55118110236" footprint="17867640001">
    <comppin designator="1" sympin="1" pinswap="0" gateswap="0" gate="1" group="1" side="" type="Any" name="1" />
    <comppin designator="2" sympin="2" pinswap="0" gateswap="0" gate="1" group="1" side="" type="Any" name="2" />
    <attached_symbol gate="1" name="178.6764.0001" />
    <pinmap designator="1" footprintpin="1" />
    <pinmap designator="2" footprintpin="2" />
    <text name="Datasheet" originx="0" originy="0" style="Default" rotation="0" justify="" flipped="False" hidden="True" data="http://www.littelfuse.com/~/media/commercial-vehicle/datasheets/automotive-fuse-holders/mini/littelfuse-fuseholder-mini-fl1-pcb-mount.pdf" />
    <text name="Description" originx="0" originy="0" style="Default" rotation="0" justify="" flipped="False" hidden="True" data="LITTELFUSE - 178.6764.0001 - FUSE HOLDER, PCB, FK1 BLADE" />
    <text name="Mouser Part Number" originx="0" originy="0" style="Default" rotation="0" justify="" flipped="False" hidden="True" data="576-178.6764.0001" />
    <text name="Mouser Price/Stock" originx="0" originy="0" style="Default" rotation="0" justify="" flipped="False" hidden="True" data="https://www.mouser.co.uk/ProductDetail/Littelfuse/17867640001?qs=gu7KAQ731UTQ5alyjBY5mw%3D%3D" />
    <text name="Manufacturer_Name" originx="0" originy="0" style="Default" rotation="0" justify="" flipped="False" hidden="True" data="LITTELFUSE" />
    <text name="Manufacturer_Part_Number" originx="650" originy="200" style="Default" rotation="0" justify="left" flipped="False" hidden="False" data="178.6764.0001" />
  </component>
</quadcept_library>
