<?xml version="1.0" encoding="utf-8"?>
<!--/629482/259400/2.49/2/2/Connector/-->
<quadcept_library>
  <setting unit="mil" />
  <textstyle name="Default" height="47.244094488189" strokewidth="7.8740157480315" charwidth="47.244094488189" />
  <textstyle name="Dimension" height="19.6850393700787" strokewidth="0" charwidth="19.6850393700787" />
  <textstyle name="H127W0635TH00762" height="50" strokewidth="3" charwidth="25" />
  <textstyle name="H15W15TH02" height="59.0551181102362" strokewidth="7.8740157480315" charwidth="59.0551181102362" />
  <padstyle name="c210_h140" surface="False" plated="True" isvia="False" nopaste="True" nomask="True" complex="False" holesize="55.11811023622">
    <padshape layer="TOP" shape="round" width="82.67716535433" height="82.67716535433" />
    <padshape layer="TOP_SOLDER_MASK" shape="round" width="90.551181102361" height="90.551181102361" />
    <padshape layer="INNER" shape="round" width="82.67716535433" height="82.67716535433" />
    <padshape layer="BOTTOM" shape="round" width="82.67716535433" height="82.67716535433" />
    <padshape layer="BOTTOM_SOLDER_MASK" shape="round" width="90.551181102361" height="90.551181102361" />
  </padstyle>
  <footprint name="726386-2" originx="0" originy="0" pickpointx="0" pickpointy="0">
    <pcbpin number="1" name="1" style="c210_h140" originx="-99.999999999999" originy="0" rotation="90" />
    <pcbpin number="2" name="2" style="c210_h140" originx="99.999999999999" originy="0" rotation="90" />
    <line layer="TOP_ASSEMBLY" originx="-157.48031496063" originy="15.748031496063" endx="157.48031496063" endy="15.748031496063" width="7.8740157480314" />
    <line layer="TOP_ASSEMBLY" originx="157.48031496063" originy="15.748031496063" endx="157.48031496063" endy="-15.748031496063" width="7.8740157480314" />
    <line layer="TOP_ASSEMBLY" originx="157.48031496063" originy="-15.748031496063" endx="-157.48031496063" endy="-15.748031496063" width="7.8740157480314" />
    <line layer="TOP_ASSEMBLY" originx="-157.48031496063" originy="-15.748031496063" endx="-157.48031496063" endy="15.748031496063" width="7.8740157480314" />
    <line layer="TOP_SILKSCREEN" originx="-157.48031496063" originy="15.748031496063" endx="-157.48031496063" endy="-15.748031496063" width="7.8740157480314" />
    <line layer="TOP_SILKSCREEN" originx="157.48031496063" originy="15.748031496063" endx="157.48031496063" endy="-15.748031496063" width="7.8740157480314" />
    <line layer="TOP_SILKSCREEN" originx="-52.362204724409" originy="15.748031496063" endx="52.362204724409" endy="15.748031496063" width="7.8740157480314" />
    <line layer="TOP_SILKSCREEN" originx="-52.362204724409" originy="-15.748031496063" endx="52.362204724409" endy="-15.748031496063" width="7.8740157480314" />
  </footprint>
  <symbol name="726386-2" originx="0" originy="0">
    <line originx="200" originy="100" endx="600" endy="100" width="0" />
    <line originx="600" originy="-200" endx="600" endy="100" width="0" />
    <line originx="600" originy="-200" endx="200" endy="-200" width="0" />
    <line originx="200" originy="100" endx="200" endy="-200" width="0" />
    <sympin number="1" originx="200" originy="0" rotation="180" length="100" width="7.8740157480315" flipped="False">
      <text name="pinname" originx="230" originy="0" style="Default" rotation="0" justify="left" flipped="False" hidden="False" data="1" />
      <text name="pindes" originx="140" originy="20" style="Default" rotation="0" justify="lowerright" flipped="False" hidden="False" data="1" />
    </sympin>
    <sympin number="2" originx="200" originy="-100" rotation="180" length="100" width="7.8740157480315" flipped="False">
      <text name="pinname" originx="230" originy="-100" style="Default" rotation="0" justify="left" flipped="False" hidden="False" data="2" />
      <text name="pindes" originx="140" originy="-80" style="Default" rotation="0" justify="lowerright" flipped="False" hidden="False" data="2" />
    </sympin>
  </symbol>
  <component name="726386-2" designatorprefix="J" height="0" footprint="726386-2">
    <comppin designator="1" sympin="1" pinswap="0" gateswap="0" gate="1" group="1" side="" type="Any" name="1" />
    <comppin designator="2" sympin="2" pinswap="0" gateswap="0" gate="1" group="1" side="" type="Any" name="2" />
    <attached_symbol gate="1" name="726386-2" />
    <pinmap designator="1" footprintpin="1" />
    <pinmap designator="2" footprintpin="2" />
    <text name="Datasheet" originx="0" originy="0" style="Default" rotation="0" justify="" flipped="False" hidden="True" data="http://www.te.com/commerce/DocumentDelivery/DDEController?Action=showdoc&amp;DocId=Customer Drawing726386GpdfEnglishENG_CD_726386_G.pdf1-726386-2" />
    <text name="Description" originx="0" originy="0" style="Default" rotation="0" justify="" flipped="False" hidden="True" data="AMP - TE CONNECTIVITY - 726386-2 - TAB, STRAIGHT, 6.3X0.8MM" />
    <text name="Mouser Part Number" originx="0" originy="0" style="Default" rotation="0" justify="" flipped="False" hidden="True" data="571-726386-2" />
    <text name="Mouser Price/Stock" originx="0" originy="0" style="Default" rotation="0" justify="" flipped="False" hidden="True" data="https://www.mouser.co.uk/ProductDetail/TE-Connectivity-AMP/726386-2?qs=sd1rtLGwt4569WB7PEOdPA%3D%3D" />
    <text name="Manufacturer_Name" originx="0" originy="0" style="Default" rotation="0" justify="" flipped="False" hidden="True" data="TE Connectivity" />
    <text name="Manufacturer_Part_Number" originx="650" originy="200" style="Default" rotation="0" justify="left" flipped="False" hidden="False" data="726386-2" />
  </component>
</quadcept_library>
